name,vol(A^3)
d1gy6a_.ent,426.0
d1gy7a_.ent,138.0
d1hkxa_.ent,1032.0
d1idpa_.ent,1017.0
d1jkga_.ent,124.456496109
d1jkgb_.ent,1504.0
d1m98a2.ent,555.0
d1nwwa_.ent,593.999787569
d1o7nb_.ent,299.000053465
d1of5a_.ent,317.0
d1of5b_.ent,167.000059724
d1oh0a_.ent,970.0
d1ohpa_.ent,1012.0
d1q40a_.ent,1512.0
d1q40b_.ent,214.110554772
d1s5aa_.ent,39.0
d1sjwa_.ent,837.0
d1tp6a_.ent,708.0
d1tuha_.ent,99.0000354052
d1ulib_.ent,1493.00026697
d1vqqa1.ent,425.000151992
d1wqlb1.ent,229.0
d1z1sa1.ent,1080.00038624
d1zo2a1.ent,62.0
d2a15a1.ent,625.000223517
d2b1xb1.ent,1071.0
d2bmob1.ent,441.000236571
d2bnga1.ent,504.000180244
d2cc3a1.ent,1091.00039017
d2chca1.ent,907.000162184
d2ckfb_.ent,376.000201702
d2cw9a1.ent,405.0
d2f86b1.ent,1660.00029683
d2f99a_.ent,1187.0004245
d2gbwb_.ent,241.000086188
d2gexa1.ent,1126.0
d2geya1.ent,1412.00050497
d2gxfa1.ent,1572.0
d2i9wa1.ent,915.00032723
d2imja1.ent,280.0
d2k54a1.ent,271.0
d2owpa1.ent,566.0
d2qiya_.ent,344.000123024
d2r4ia1.ent,833.0
d2rcda1.ent,357.000127673
d2rfra1.ent,498.0
d2rgqa1.ent,239.000085473
d2ux0a1.ent,1587.0
d2w2ca_.ent,1505.33148907
d2yfib_.ent,991.0
d3b7ca1.ent,1436.0
d3b8la1.ent,38.0
d3bb9a1.ent,1034.99962986
d3blza1.ent,700.0
d3cnxa1.ent,656.0
d3cu3a1.ent,1387.00024801
d3d9ra1.ent,660.804729339
d3dm8a1.ent,594.0
d3dmca1.ent,652.0
d3duka_.ent,180.0
d3dxoa1.ent,311.0
d3e99a1.ent,702.000125527
d3ebta1.ent,721.0
d3ebya1.ent,631.0
d3ec9a1.ent,517.000092447
d3ecfa1.ent,361.0
d3ef8a1.ent,634.0
d3ejva1.ent,906.0
d3en8a1.ent,533.000095308
d3er7a1.ent,1027.00036728
d3fgya_.ent,1194.0
d3fsda_.ent,764.000273228
d3g8za_.ent,617.0
d3grda_.ent,767.999725342
d3gzyb_.ent,181.0
d3mg3a2.ent,559.000199914
d3nv0b_.ent,444.0
d3owsa_.ent,860.0
d3q90a_.ent,371.0
d3qk9a_.ent,849.000151813
d3stda_.ent,74.0000132322
d3ujma_.ent,214.000076532
d4akza_.ent,760.000135899
d4cdla_.ent,374.000133753
d4j8ta_.ent,899.0
d4jf8a_.ent,550.000196695
d4kz1a_.ent,342.0
d4lsoa_.ent,705.000378192
d4nhfa_.ent,679.0
d4r9ka_.ent,531.999809742
d4r9kc_.ent,519.000092804
d4r9lb_.ent,335.999759674
